PHA_type,component,readable_name,residue_code,smiles
3HB,trimer,P3HB_3,AAA,O[C@H](C)CC(=O)O[C@H](C)CC(=O)O[C@H](C)CC(=O)O
3HB,head,hP3HB,AAB,O[C@H](C)CC(=O)O
3HB,mainchain,mP3HB,AAC,O[C@H](C)CC(=O)O
3HB,tail,tP3HB,AAD,O[C@H](C)CC(=O)O
4HB,trimer,P4HB_3,AAE,OCCCC(=O)OCCCC(=O)OCCCC(=O)O
4HB,head,hP4HB,AAF,OCCCC(=O)O
4HB,mainchain,mP4HB,AAG,OCCCC(=O)O
4HB,tail,tP4HB,AAH,OCCCC(=O)O

2HP,trimer,P2HP_3,AAI,O[C@H](C)C(=O)O[C@H](C)C(=O)O[C@H](C)C(=O)O
2HP,head,hP2HP,AAJ,O[C@H](C)C(=O)O
2HP,mainchain,mP2HP,AAK,O[C@H](C)C(=O)O
2HP,tail,tP2HP,AAL,O[C@H](C)C(=O)O
2HB,trimer,P2HB_3,AAM,O[C@H](CC)C(=O)O[C@H](CC)C(=O)O[C@H](CC)C(=O)O
2HB,head,hP2HB,AAN,O[C@H](CC)C(=O)O
2HB,mainchain,mP2HB,AAO,O[C@H](CC)C(=O)O
2HB,tail,tP2HB,AAP,O[C@H](CC)C(=O)O
2HHx,trimer,P2HHx_3,AAQ,O[C@H](CCCC)C(=O)O[C@H](CCCC)C(=O)O[C@H](CCCC)C(=O)O
2HHx,head,hP2HHx,AAR,O[C@H](CCCC)C(=O)O
2HHx,mainchain,mP2HHx,AAS,O[C@H](CCCC)C(=O)O
2HHx,tail,tP2HHx,AAT,O[C@H](CCCC)C(=O)O
3HV,trimer,P3HV_3,AAU,O[C@H](CC)CC(=O)O[C@H](CC)CC(=O)O[C@H](CC)CC(=O)O
3HV,head,hP3HV,AAV,O[C@H](CC)CC(=O)O
3HV,mainchain,mP3HV,AAW,O[C@H](CC)CC(=O)O
3HV,tail,tP3HV,AAX,O[C@H](CC)CC(=O)O
3HHx,trimer,P3HHx_3,AAY,O[C@H](CCC)CC(=O)O[C@H](CCC)CC(=O)O[C@H](CCC)CC(=O)O
3HHx,head,hP3HHx,AAZ,O[C@H](CCC)CC(=O)O
3HHx,mainchain,mP3HHx,ABA,O[C@H](CCC)CC(=O)O
3HHx,tail,tP3HHx,ABB,O[C@H](CCC)CC(=O)O
3HHp,trimer,P3HHp_3,ABC,O[C@H](CCCC)CC(=O)O[C@H](CCCC)CC(=O)O[C@H](CCCC)CC(=O)O
3HHp,head,hP3HHp,ABD,O[C@H](CCCC)CC(=O)O
3HHp,mainchain,mP3HHp,ABE,O[C@H](CCCC)CC(=O)O
3HHp,tail,tP3HHp,ABF,O[C@H](CCCC)CC(=O)O
3HO,trimer,P3HO_3,ABG,O[C@H](CCCCC)CC(=O)O[C@H](CCCCC)CC(=O)O[C@H](CCCCC)CC(=O)O
3HO,head,hP3HO,ABH,O[C@H](CCCCC)CC(=O)O
3HO,mainchain,mP3HO,ABI,O[C@H](CCCCC)CC(=O)O
3HO,tail,tP3HO,ABJ,O[C@H](CCCCC)CC(=O)O
3HN,trimer,P3HN_3,ABK,O[C@H](CCCCCC)CC(=O)O[C@H](CCCCCC)CC(=O)O[C@H](CCCCCC)CC(=O)O
3HN,head,hP3HN,ABL,O[C@H](CCCCCC)CC(=O)O
3HN,mainchain,mP3HN,ABM,O[C@H](CCCCCC)CC(=O)O
3HN,tail,tP3HN,ABN,O[C@H](CCCCCC)CC(=O)O
3HD,trimer,P3HD_3,ABO,O[C@H](CCCCCCC)CC(=O)O[C@H](CCCCCCC)CC(=O)O[C@H](CCCCCCC)CC(=O)O
3HD,head,hP3HD,ABP,O[C@H](CCCCCCC)CC(=O)O
3HD,mainchain,mP3HD,ABQ,O[C@H](CCCCCCC)CC(=O)O
3HD,tail,tP3HD,ABR,O[C@H](CCCCCCC)CC(=O)O
3HUD,trimer,P3HUD_3,ABS,O[C@H](CCCCCCCC)CC(=O)O[C@H](CCCCCCCC)CC(=O)O[C@H](CCCCCCCC)CC(=O)O
3HUD,head,hP3HUD,ABT,O[C@H](CCCCCCCC)CC(=O)O
3HUD,mainchain,mP3HUD,ABU,O[C@H](CCCCCCCC)CC(=O)O
3HUD,tail,tP3HUD,ABV,O[C@H](CCCCCCCC)CC(=O)O
3HDD,trimer,P3HDD_3,ABW,O[C@H](CCCCCCCCC)CC(=O)O[C@H](CCCCCCCCC)CC(=O)O[C@H](CCCCCCCCC)CC(=O)O
3HDD,head,hP3HDD,ABX,O[C@H](CCCCCCCCC)CC(=O)O
3HDD,mainchain,mP3HDD,ABY,O[C@H](CCCCCCCCC)CC(=O)O
3HDD,tail,tP3HDD,ABZ,O[C@H](CCCCCCCCC)CC(=O)O
3HTD,trimer,P3HTD_3,ACA,O[C@H](CCCCCCCCCCC)CC(=O)O[C@H](CCCCCCCCCCC)CC(=O)O[C@H](CCCCCCCCCCC)CC(=O)O
3HTD,head,hP3HTD,ACB,O[C@H](CCCCCCCCCCC)CC(=O)O
3HTD,mainchain,mP3HTD,ACC,O[C@H](CCCCCCCCCCC)CC(=O)O
3HTD,tail,tP3HTD,ACD,O[C@H](CCCCCCCCCCC)CC(=O)O
3HHD,trimer,P3HHD_3,ACE,O[C@H](CCCCCCCCCCCCC)CC(=O)O[C@H](CCCCCCCCCCCCC)CC(=O)O[C@H](CCCCCCCCCCCCC)CC(=O)O
3HHD,head,hP3HHD,ACF,O[C@H](CCCCCCCCCCCCC)CC(=O)O
3HHD,mainchain,mP3HHD,ACG,O[C@H](CCCCCCCCCCCCC)CC(=O)O
3HHD,tail,tP3HHD,ACH,O[C@H](CCCCCCCCCCCCC)CC(=O)O
3HOD,trimer,P3HOD_3,ACI,O[C@H](CCCCCCCCCCCCCCC)CC(=O)O[C@H](CCCCCCCCCCCCCCC)CC(=O)O[C@H](CCCCCCCCCCCCCCC)CC(=O)O
3HOD,head,hP3HOD,ACJ,O[C@H](CCCCCCCCCCCCCCC)CC(=O)O
3HOD,mainchain,mP3HOD,ACK,O[C@H](CCCCCCCCCCCCCCC)CC(=O)O
3HOD,tail,tP3HOD,ACL,O[C@H](CCCCCCCCCCCCCCC)CC(=O)O
3H5HxE,trimer,P3H5HxE_3,ACM,O[C@H](CC=C)CC(=O)O[C@H](CC=C)CC(=O)O[C@H](CC=C)CC(=O)O
3H5HxE,head,hP3H5HxE,ACN,O[C@H](CC=C)CC(=O)O
3H5HxE,mainchain,mP3H5HxE,ACO,O[C@H](CC=C)CC(=O)O
3H5HxE,tail,tP3H5HxE,ACP,O[C@H](CC=C)CC(=O)O
3H6HpE,trimer,P3H6HpE_3,ACQ,O[C@H](CCC=C)CC(=O)O[C@H](CCC=C)CC(=O)O[C@H](CCC=C)CC(=O)O
3H6HpE,head,hP3H6HpE,ACR,O[C@H](CCC=C)CC(=O)O
3H6HpE,mainchain,mP3H6HpE,ACS,O[C@H](CCC=C)CC(=O)O
3H6HpE,tail,tP3H6HpE,ACT,O[C@H](CCC=C)CC(=O)O
3H7OE,trimer,P3H7OE_3,ACU,O[C@H](CCCC=C)CC(=O)O[C@H](CCCC=C)CC(=O)O[C@H](CCCC=C)CC(=O)O
3H7OE,head,hP3H7OE,ACV,O[C@H](CCCC=C)CC(=O)O
3H7OE,mainchain,mP3H7OE,ACW,O[C@H](CCCC=C)CC(=O)O
3H7OE,tail,tP3H7OE,ACX,O[C@H](CCCC=C)CC(=O)O
3H8NE,trimer,P3H8NE_3,ACY,O[C@H](CCCCC=C)CC(=O)O[C@H](CCCCC=C)CC(=O)O[C@H](CCCCC=C)CC(=O)O
3H8NE,head,hP3H8NE,ACZ,O[C@H](CCCCC=C)CC(=O)O
3H8NE,mainchain,mP3H8NE,ADA,O[C@H](CCCCC=C)CC(=O)O
3H8NE,tail,tP3H8NE,ADB,O[C@H](CCCCC=C)CC(=O)O
3H9DE,trimer,P3H9DE_3,ADC,O[C@H](CCCCCC=C)CC(=O)O[C@H](CCCCCC=C)CC(=O)O[C@H](CCCCCC=C)CC(=O)O
3H9DE,head,hP3H9DE,ADD,O[C@H](CCCCCC=C)CC(=O)O
3H9DE,mainchain,mP3H9DE,ADE,O[C@H](CCCCCC=C)CC(=O)O
3H9DE,tail,tP3H9DE,ADF,O[C@H](CCCCCC=C)CC(=O)O
3H11DdE,trimer,P3H11DdE_3,ADG,O[C@H](CCCCCCCC=C)CC(=O)O[C@H](CCCCCCCC=C)CC(=O)O[C@H](CCCCCCCC=C)CC(=O)O
3H11DdE,head,hP3H11DdE,ADH,O[C@H](CCCCCCCC=C)CC(=O)O
3H11DdE,mainchain,mP3H11DdE,ADI,O[C@H](CCCCCCCC=C)CC(=O)O
3H11DdE,tail,tP3H11DdE,ADJ,O[C@H](CCCCCCCC=C)CC(=O)O
3H3PhP,trimer,P3H3PhP_3,ADK,O[C@@H](C1=CC=CC=C1)CC(=O)O[C@@H](C1=CC=CC=C1)CC(=O)O[C@@H](C1=CC=CC=C1)CC(=O)O
3H3PhP,head,hP3H3PhP,ADL,O[C@@H](C1=CC=CC=C1)CC(=O)O
3H3PhP,mainchain,mP3H3PhP,ADM,O[C@@H](C1=CC=CC=C1)CC(=O)O
3H3PhP,tail,tP3H3PhP,ADN,O[C@@H](C1=CC=CC=C1)CC(=O)O
3H4PhB,trimer,P3H4PhB_3,ADO,O[C@H](CC1=CC=CC=C1)CC(=O)O[C@H](CC1=CC=CC=C1)CC(=O)O[C@H](CC1=CC=CC=C1)CC(=O)O
3H4PhB,head,hP3H4PhB,ADP,O[C@H](CC1=CC=CC=C1)CC(=O)O
3H4PhB,mainchain,mP3H4PhB,ADQ,O[C@H](CC1=CC=CC=C1)CC(=O)O
3H4PhB,tail,tP3H4PhB,ADR,O[C@H](CC1=CC=CC=C1)CC(=O)O
3H5PhV,trimer,P3H5PhV_3,ADS,O[C@H](CCC1=CC=CC=C1)CC(=O)O[C@H](CCC1=CC=CC=C1)CC(=O)O[C@H](CCC1=CC=CC=C1)CC(=O)O
3H5PhV,head,hP3H5PhV,ADT,O[C@H](CCC1=CC=CC=C1)CC(=O)O
3H5PhV,mainchain,mP3H5PhV,ADU,O[C@H](CCC1=CC=CC=C1)CC(=O)O
3H5PhV,tail,tP3H5PhV,ADV,O[C@H](CCC1=CC=CC=C1)CC(=O)O
3H6PhHX,trimer,P3H6PhHX_3,ADW,O[C@H](CCCC1=CC=CC=C1)CC(=O)O[C@H](CCCC1=CC=CC=C1)CC(=O)O[C@H](CCCC1=CC=CC=C1)CC(=O)O
3H6PhHX,head,hP3H6PhHX,ADX,O[C@H](CCCC1=CC=CC=C1)CC(=O)O
3H6PhHX,mainchain,mP3H6PhHX,ADY,O[C@H](CCCC1=CC=CC=C1)CC(=O)O
3H6PhHX,tail,tP3H6PhHX,ADZ,O[C@H](CCCC1=CC=CC=C1)CC(=O)O
3H7PhHP,trimer,P3H7PhHP_3,AEA,O[C@H](CCCCC1=CC=CC=C1)CC(=O)O[C@H](CCCCC1=CC=CC=C1)CC(=O)O[C@H](CCCCC1=CC=CC=C1)CC(=O)O
3H7PhHP,head,hP3H7PhHP,AEB,O[C@H](CCCCC1=CC=CC=C1)CC(=O)O
3H7PhHP,mainchain,mP3H7PhHP,AEC,O[C@H](CCCCC1=CC=CC=C1)CC(=O)O
3H7PhHP,tail,tP3H7PhHP,AED,O[C@H](CCCCC1=CC=CC=C1)CC(=O)O
3H8PhO,trimer,P3H8PhO_3,AEE,O[C@H](CCCCCC1=CC=CC=C1)CC(=O)O[C@H](CCCCCC1=CC=CC=C1)CC(=O)O[C@H](CCCCCC1=CC=CC=C1)CC(=O)O
3H8PhO,head,hP3H8PhO,AEF,O[C@H](CCCCCC1=CC=CC=C1)CC(=O)O
3H8PhO,mainchain,mP3H8PhO,AEG,O[C@H](CCCCCC1=CC=CC=C1)CC(=O)O
3H8PhO,tail,tP3H8PhO,AEH,O[C@H](CCCCCC1=CC=CC=C1)CC(=O)O
3H4PxB,trimer,P3H4PxB_3,AEI,O[C@@H](COC1=CC=CC=C1)CC(=O)O[C@@H](COC1=CC=CC=C1)CC(=O)O[C@@H](COC1=CC=CC=C1)CC(=O)O
3H4PxB,head,hP3H4PxB,AEJ,O[C@@H](COC1=CC=CC=C1)CC(=O)O
3H4PxB,mainchain,mP3H4PxB,AEK,O[C@@H](COC1=CC=CC=C1)CC(=O)O
3H4PxB,tail,tP3H4PxB,AEL,O[C@@H](COC1=CC=CC=C1)CC(=O)O
3H5PxV,trimer,P3H5PxV_3,AEM,O[C@H](CCOC1=CC=CC=C1)CC(=O)O[C@H](CCOC1=CC=CC=C1)CC(=O)O[C@H](CCOC1=CC=CC=C1)CC(=O)O
3H5PxV,head,hP3H5PxV,AEN,O[C@H](CCOC1=CC=CC=C1)CC(=O)O
3H5PxV,mainchain,mP3H5PxV,AEO,O[C@H](CCOC1=CC=CC=C1)CC(=O)O
3H5PxV,tail,tP3H5PxV,AEP,O[C@H](CCOC1=CC=CC=C1)CC(=O)O
3H6PhHx,trimer,P3H6PhHx_3,AEQ,O[C@H](CCCOC1=CC=CC=C1)CC(=O)O[C@H](CCCOC1=CC=CC=C1)CC(=O)O[C@H](CCCOC1=CC=CC=C1)CC(=O)O
3H6PhHx,head,hP3H6PhHx,AER,O[C@H](CCCOC1=CC=CC=C1)CC(=O)O
3H6PhHx,mainchain,mP3H6PhHx,AES,O[C@H](CCCOC1=CC=CC=C1)CC(=O)O
3H6PhHx,tail,tP3H6PhHx,AET,O[C@H](CCCOC1=CC=CC=C1)CC(=O)O
3H7PxHp,trimer,P3H7PxHp_3,AEU,O[C@H](CCCCOC1=CC=CC=C1)CC(=O)O[C@H](CCCCOC1=CC=CC=C1)CC(=O)O[C@H](CCCCOC1=CC=CC=C1)CC(=O)O
3H7PxHp,head,hP3H7PxHp,AEV,O[C@H](CCCCOC1=CC=CC=C1)CC(=O)O
3H7PxHp,mainchain,mP3H7PxHp,AEW,O[C@H](CCCCOC1=CC=CC=C1)CC(=O)O
3H7PxHp,tail,tP3H7PxHp,AEX,O[C@H](CCCCOC1=CC=CC=C1)CC(=O)O
3H8PxO,trimer,P3H8PxO_3,AEY,O[C@H](CCCCCOC1=CC=CC=C1)CC(=O)O[C@H](CCCCCOC1=CC=CC=C1)CC(=O)O[C@H](CCCCCOC1=CC=CC=C1)CC(=O)O
3H8PxO,head,hP3H8PxO,AEZ,O[C@H](CCCCCOC1=CC=CC=C1)CC(=O)O
3H8PxO,mainchain,mP3H8PxO,AFA,O[C@H](CCCCCOC1=CC=CC=C1)CC(=O)O
3H8PxO,tail,tP3H8PxO,AFB,O[C@H](CCCCCOC1=CC=CC=C1)CC(=O)O
3H4pMPxPb,trimer,P3H4pMPxPb_3,AFC,O[C@@H](COC1=CC=C(C)C=C1)CC(=O)O[C@@H](COC1=CC=C(C)C=C1)CC(=O)O[C@@H](COC1=CC=C(C)C=C1)CC(=O)O
3H4pMPxPb,head,hP3H4pMPxPb,AFD,O[C@@H](COC1=CC=C(C)C=C1)CC(=O)O
3H4pMPxPb,mainchain,mP3H4pMPxPb,AFE,O[C@@H](COC1=CC=C(C)C=C1)CC(=O)O
3H4pMPxPb,tail,tP3H4pMPxPb,AFF,O[C@@H](COC1=CC=C(C)C=C1)CC(=O)O
3H4mMPxPb,trimer,P3H4mMPxPb_3,AFG,O[C@@H](COC1=CC(C)=CC=C1)CC(=O)O[C@@H](COC1=CC(C)=CC=C1)CC(=O)O[C@@H](COC1=CC(C)=CC=C1)CC(=O)O
3H4mMPxPb,head,hP3H4mMPxPb,AFH,O[C@@H](COC1=CC(C)=CC=C1)CC(=O)O
3H4mMPxPb,mainchain,mP3H4mMPxPb,AFI,O[C@@H](COC1=CC(C)=CC=C1)CC(=O)O
3H4mMPxPb,tail,tP3H4mMPxPb,AFJ,O[C@@H](COC1=CC(C)=CC=C1)CC(=O)O
3H5pMePxV,trimer,P3H5pMePxV_3,AFK,O[C@H](CCOC1=CC=C(C)C=C1)CC(=O)O[C@H](CCOC1=CC=C(C)C=C1)CC(=O)O[C@H](CCOC1=CC=C(C)C=C1)CC(=O)O
3H5pMePxV,head,hP3H5pMePxV,AFL,O[C@H](CCOC1=CC=C(C)C=C1)CC(=O)O
3H5pMePxV,mainchain,mP3H5pMePxV,AFM,O[C@H](CCOC1=CC=C(C)C=C1)CC(=O)O
3H5pMePxV,tail,tP3H5pMePxV,AFN,O[C@H](CCOC1=CC=C(C)C=C1)CC(=O)O
3H5mMePxV,trimer,P3H5mMePxV_3,AFO,O[C@H](CCOC1=CC(C)=CC=C1)CC(=O)O[C@H](CCOC1=CC(C)=CC=C1)CC(=O)O[C@H](CCOC1=CC(C)=CC=C1)CC(=O)O
3H5mMePxV,head,hP3H5mMePxV,AFP,O[C@H](CCOC1=CC(C)=CC=C1)CC(=O)O
3H5mMePxV,mainchain,mP3H5mMePxV,AFQ,O[C@H](CCOC1=CC(C)=CC=C1)CC(=O)O
3H5mMePxV,tail,tP3H5mMePxV,AFR,O[C@H](CCOC1=CC(C)=CC=C1)CC(=O)O
3H6pMePxHx,trimer,P3H6pMePxHx_3,AFS,O[C@H](CCCOC1=CC=C(C)C=C1)CC(=O)O[C@H](CCCOC1=CC=C(C)C=C1)CC(=O)O[C@H](CCCOC1=CC=C(C)C=C1)CC(=O)O
3H6pMePxHx,head,hP3H6pMePxHx,AFT,O[C@H](CCCOC1=CC=C(C)C=C1)CC(=O)O
3H6pMePxHx,mainchain,mP3H6pMePxHx,AFU,O[C@H](CCCOC1=CC=C(C)C=C1)CC(=O)O
3H6pMePxHx,tail,tP3H6pMePxHx,AFV,O[C@H](CCCOC1=CC=C(C)C=C1)CC(=O)O
3H6mMePxHx,trimer,P3H6mMePxHx_3,AFW,O[C@H](CCCOC1=CC(C)=CC=C1)CC(=O)O[C@H](CCCOC1=CC(C)=CC=C1)CC(=O)O[C@H](CCCOC1=CC(C)=CC=C1)CC(=O)O
3H6mMePxHx,head,hP3H6mMePxHx,AFX,O[C@H](CCCOC1=CC(C)=CC=C1)CC(=O)O
3H6mMePxHx,mainchain,mP3H6mMePxHx,AFY,O[C@H](CCCOC1=CC(C)=CC=C1)CC(=O)O
3H6mMePxHx,tail,tP3H6mMePxHx,AFZ,O[C@H](CCCOC1=CC(C)=CC=C1)CC(=O)O
3H5pFPxV,trimer,P3H5pFPxV_3,AGA,O[C@H](CCOC1=CC=C(F)C=C1)CC(=O)O[C@H](CCOC1=CC=C(F)C=C1)CC(=O)O[C@H](CCOC1=CC=C(F)C=C1)CC(=O)O
3H5pFPxV,head,hP3H5pFPxV,AGB,O[C@H](CCOC1=CC=C(F)C=C1)CC(=O)O
3H5pFPxV,mainchain,mP3H5pFPxV,AGC,O[C@H](CCOC1=CC=C(F)C=C1)CC(=O)O
3H5pFPxV,tail,tP3H5pFPxV,AGD,O[C@H](CCOC1=CC=C(F)C=C1)CC(=O)O
3H6pFPxHx,trimer,P3H6pFPxHx_3,AGE,O[C@H](CCCOC1=CC=C(F)C=C1)CC(=O)O[C@H](CCCOC1=CC=C(F)C=C1)CC(=O)O[C@H](CCCOC1=CC=C(F)C=C1)CC(=O)O
3H6pFPxHx,head,hP3H6pFPxHx,AGF,O[C@H](CCCOC1=CC=C(F)C=C1)CC(=O)O
3H6pFPxHx,mainchain,mP3H6pFPxHx,AGG,O[C@H](CCCOC1=CC=C(F)C=C1)CC(=O)O
3H6pFPxHx,tail,tP3H6pFPxHx,AGH,O[C@H](CCCOC1=CC=C(F)C=C1)CC(=O)O
3H7pFPxHp,trimer,P3H7pFPxHp_3,AGI,O[C@H](CCCCOC1=CC=C(F)C=C1)CC(=O)O[C@H](CCCCOC1=CC=C(F)C=C1)CC(=O)O[C@H](CCCCOC1=CC=C(F)C=C1)CC(=O)O
3H7pFPxHp,head,hP3H7pFPxHp,AGJ,O[C@H](CCCCOC1=CC=C(F)C=C1)CC(=O)O
3H7pFPxHp,mainchain,mP3H7pFPxHp,AGK,O[C@H](CCCCOC1=CC=C(F)C=C1)CC(=O)O
3H7pFPxHp,tail,tP3H7pFPxHp,AGL,O[C@H](CCCCOC1=CC=C(F)C=C1)CC(=O)O
3H5opF2PxV,trimer,P3H5opF2PxV_3,AGM,O[C@H](CCOC1=CC(F)=CC(F)=C1)CC(=O)O[C@H](CCOC1=CC(F)=CC(F)=C1)CC(=O)O[C@H](CCOC1=CC(F)=CC(F)=C1)CC(=O)O
3H5opF2PxV,head,hP3H5opF2PxV,AGN,O[C@H](CCOC1=CC(F)=CC(F)=C1)CC(=O)O
3H5opF2PxV,mainchain,mP3H5opF2PxV,AGO,O[C@H](CCOC1=CC(F)=CC(F)=C1)CC(=O)O
3H5opF2PxV,tail,tP3H5opF2PxV,AGP,O[C@H](CCOC1=CC(F)=CC(F)=C1)CC(=O)O
3H5pNO2PxV,trimer,P3H5pNO2PxV_3,AGQ,O[C@H](CCOC1=CC=C([N+](=O)[O-])C=C1)CC(=O)O[C@H](CCOC1=CC=C([N+](=O)[O-])C=C1)CC(=O)O[C@H](CCOC1=CC=C([N+](=O)[O-])C=C1)CC(=O)O
3H5pNO2PxV,head,hP3H5pNO2PxV,AGR,O[C@H](CCOC1=CC=C([N+](=O)[O-])C=C1)CC(=O)O
3H5pNO2PxV,mainchain,mP3H5pNO2PxV,AGS,O[C@H](CCOC1=CC=C([N+](=O)[O-])C=C1)CC(=O)O
3H5pNO2PxV,tail,tP3H5pNO2PxV,AGT,O[C@H](CCOC1=CC=C([N+](=O)[O-])C=C1)CC(=O)O
3H6pNO2PxHX,trimer,P3H6pNO2PxHX_3,AGU,O[C@H](CCCOC1=CC=C([N+](=O)[O-])C=C1)CC(=O)O[C@H](CCCOC1=CC=C([N+](=O)[O-])C=C1)CC(=O)O[C@H](CCCOC1=CC=C([N+](=O)[O-])C=C1)CC(=O)O
3H6pNO2PxHX,head,hP3H6pNO2PxHX,AGV,O[C@H](CCCOC1=CC=C([N+](=O)[O-])C=C1)CC(=O)O
3H6pNO2PxHX,mainchain,mP3H6pNO2PxHX,AGW,O[C@H](CCCOC1=CC=C([N+](=O)[O-])C=C1)CC(=O)O
3H6pNO2PxHX,tail,tP3H6pNO2PxHX,AGX,O[C@H](CCCOC1=CC=C([N+](=O)[O-])C=C1)CC(=O)O
3H5pNO2PhV,trimer,P3H5pNO2PhV_3,AGY,O[C@H](CCC1=CC=C([N+](=O)[O-])C=C1)CC(=O)O[C@H](CCC1=CC=C([N+](=O)[O-])C=C1)CC(=O)O[C@H](CCC1=CC=C([N+](=O)[O-])C=C1)CC(=O)O
3H5pNO2PhV,head,hP3H5pNO2PhV,AGZ,O[C@H](CCC1=CC=C([N+](=O)[O-])C=C1)CC(=O)O
3H5pNO2PhV,mainchain,mP3H5pNO2PhV,AHA,O[C@H](CCC1=CC=C([N+](=O)[O-])C=C1)CC(=O)O
3H5pNO2PhV,tail,tP3H5pNO2PhV,AHB,O[C@H](CCC1=CC=C([N+](=O)[O-])C=C1)CC(=O)O
3H6pCNPxHx,trimer,P3H6pCNPxHx_3,AHC,O[C@H](CCCOC1=CC=C(C#N)C=C1)CC(=O)O[C@H](CCCOC1=CC=C(C#N)C=C1)CC(=O)O[C@H](CCCOC1=CC=C(C#N)C=C1)CC(=O)O
3H6pCNPxHx,head,hP3H6pCNPxHx,AHD,O[C@H](CCCOC1=CC=C(C#N)C=C1)CC(=O)O
3H6pCNPxHx,mainchain,mP3H6pCNPxHx,AHE,O[C@H](CCCOC1=CC=C(C#N)C=C1)CC(=O)O
3H6pCNPxHx,tail,tP3H6pCNPxHx,AHF,O[C@H](CCCOC1=CC=C(C#N)C=C1)CC(=O)O
3H5pCNPhV,trimer,P3H5pCNPhV_3,AHG,O[C@H](CCC1=CC=C(C#N)C=C1)CC(=O)O[C@H](CCC1=CC=C(C#N)C=C1)CC(=O)O[C@H](CCC1=CC=C(C#N)C=C1)CC(=O)O
3H5pCNPhV,head,hP3H5pCNPhV,AHH,O[C@H](CCC1=CC=C(C#N)C=C1)CC(=O)O
3H5pCNPhV,mainchain,mP3H5pCNPhV,AHI,O[C@H](CCC1=CC=C(C#N)C=C1)CC(=O)O
3H5pCNPhV,tail,tP3H5pCNPhV,AHJ,O[C@H](CCC1=CC=C(C#N)C=C1)CC(=O)O
3H5pCNPxV,trimer,P3H5pCNPxV_3,AHK,O[C@H](CCOC1=CC=C(C#N)C=C1)CC(=O)O[C@H](CCOC1=CC=C(C#N)C=C1)CC(=O)O[C@H](CCOC1=CC=C(C#N)C=C1)CC(=O)O
3H5pCNPxV,head,hP3H5pCNPxV,AHL,O[C@H](CCOC1=CC=C(C#N)C=C1)CC(=O)O
3H5pCNPxV,mainchain,mP3H5pCNPxV,AHM,O[C@H](CCOC1=CC=C(C#N)C=C1)CC(=O)O
3H5pCNPxV,tail,tP3H5pCNPxV,AHN,O[C@H](CCOC1=CC=C(C#N)C=C1)CC(=O)O
3H5TPxV,trimer,P3H5TPxV_3,AHO,O[C@@H](CCSC1=CC=CC=C1)CC(=O)O[C@@H](CCSC1=CC=CC=C1)CC(=O)O[C@@H](CCSC1=CC=CC=C1)CC(=O)O
3H5TPxV,head,hP3H5TPxV,AHP,O[C@@H](CCSC1=CC=CC=C1)CC(=O)O
3H5TPxV,mainchain,mP3H5TPxV,AHQ,O[C@@H](CCSC1=CC=CC=C1)CC(=O)O
3H5TPxV,tail,tP3H5TPxV,AHR,O[C@@H](CCSC1=CC=CC=C1)CC(=O)O
3H5pFTPxV,trimer,P3H5pFTPxV_3,AHS,O[C@@H](CSC1=CC=C(F)C=C1)CC(=O)O[C@@H](CSC1=CC=C(F)C=C1)CC(=O)O[C@@H](CSC1=CC=C(F)C=C1)CC(=O)O
3H5pFTPxV,head,hP3H5pFTPxV,AHT,O[C@@H](CSC1=CC=C(F)C=C1)CC(=O)O
3H5pFTPxV,mainchain,mP3H5pFTPxV,AHU,O[C@@H](CSC1=CC=C(F)C=C1)CC(=O)O
3H5pFTPxV,tail,tP3H5pFTPxV,AHV,O[C@@H](CSC1=CC=C(F)C=C1)CC(=O)O
3H7TPxHp,trimer,P3H7TPxHp_3,AHW,O[C@H](CCCCSC1=CC=CC=C1)CC(=O)O[C@H](CCCCSC1=CC=CC=C1)CC(=O)O[C@H](CCCCSC1=CC=CC=C1)CC(=O)O
3H7TPxHp,head,hP3H7TPxHp,AHX,O[C@H](CCCCSC1=CC=CC=C1)CC(=O)O
3H7TPxHp,mainchain,mP3H7TPxHp,AHY,O[C@H](CCCCSC1=CC=CC=C1)CC(=O)O
3H7TPxHp,tail,tP3H7TPxHp,AHZ,O[C@H](CCCCSC1=CC=CC=C1)CC(=O)O
3H6TPxHx,trimer,P3H6TPxHx_3,AIA,O[C@H](CCCCSC1=CC=CC=C1)CC(=O)O[C@H](CCCCSC1=CC=CC=C1)CC(=O)O[C@H](CCCCSC1=CC=CC=C1)CC(=O)O
3H6TPxHx,head,hP3H6TPxHx,AIB,O[C@H](CCCSC1=CC=CC=C1)CC(=O)O
3H6TPxHx,mainchain,mP3H6TPxHx,AIC,O[C@H](CCCSC1=CC=CC=C1)CC(=O)O
3H6TPxHx,tail,tP3H6TPxHx,AID,O[C@H](CCCSC1=CC=CC=C1)CC(=O)O
3MB,trimer,P3MB_3,AIE,O[C@H](S)CC(=O)O[C@H](S)CC(=O)O[C@H](S)CC(=O)O
3MB,head,hP3MB,AIF,O[C@H](S)CC(=O)O
3MB,mainchain,mP3MB,AIG,O[C@H](S)CC(=O)O
3MB,tail,tP3MB,AIH,O[C@H](S)CC(=O)O
3H5BzV,trimer,P3H5BzV_3,AII,O[C@H](CCC(=O)C1=CC=CC=C1)CC(=O)O[C@H](CCC(=O)C1=CC=CC=C1)CC(=O)O[C@H](CCC(=O)C1=CC=CC=C1)CC(=O)O
3H5BzV,head,hP3H5BzV,AIJ,O[C@H](CCC(=O)C1=CC=CC=C1)CC(=O)O
3H5BzV,mainchain,mP3H5BzV,AIK,O[C@H](CCC(=O)C1=CC=CC=C1)CC(=O)O
3H5BzV,tail,tP3H5BzV,AIL,O[C@H](CCC(=O)C1=CC=CC=C1)CC(=O)O
3H6BzHx,trimer,P3H6BzHx_3,AIM,O[C@H](CCCC(=O)C1=CC=CC=C1)CC(=O)O[C@H](CCCC(=O)C1=CC=CC=C1)CC(=O)O[C@H](CCCC(=O)C1=CC=CC=C1)CC(=O)O
3H6BzHx,head,hP3H6BzHx,AIN,O[C@H](CCCC(=O)C1=CC=CC=C1)CC(=O)O
3H6BzHx,mainchain,mP3H6BzHx,AIO,O[C@H](CCCC(=O)C1=CC=CC=C1)CC(=O)O
3H6BzHx,tail,tP3H6BzHx,AIP,O[C@H](CCCC(=O)C1=CC=CC=C1)CC(=O)O
3H7BzHp,trimer,P3H7BzHp_3,AIQ,O[C@H](CCCCC(=O)C1=CC=CC=C1)CC(=O)O[C@H](CCCCC(=O)C1=CC=CC=C1)CC(=O)O[C@H](CCCCC(=O)C1=CC=CC=C1)CC(=O)O
3H7BzHp,head,hP3H7BzHp,AIR,O[C@H](CCCCC(=O)C1=CC=CC=C1)CC(=O)O
3H7BzHp,mainchain,mP3H7BzHp,AIS,O[C@H](CCCCC(=O)C1=CC=CC=C1)CC(=O)O
3H7BzHp,tail,tP3H7BzHp,AIT,O[C@H](CCCCC(=O)C1=CC=CC=C1)CC(=O)O
3AP,trimer,P3AP_3,AIU,O[C@@H](N)CC(=O)O[C@@H](N)CC(=O)O[C@@H](N)CC(=O)O
3AP,head,hP3AP,AIV,O[C@@H](N)CC(=O)O
3AP,mainchain,mP3AP,AIW,O[C@@H](N)CC(=O)O
3AP,tail,tP3AP,AIX,O[C@@H](N)CC(=O)O
3BoylP,trimer,P3BoylP_3,AIY,O[C@@H](C(=O)C1=CC=CC=C1)CC(=O)O[C@@H](C(=O)C1=CC=CC=C1)CC(=O)O[C@@H](C(=O)C1=CC=CC=C1)CC(=O)O
3BoylP,head,hP3BoylP,AIZ,O[C@@H](C(=O)C1=CC=CC=C1)CC(=O)O
3BoylP,mainchain,mP3BoylP,AJA,O[C@@H](C(=O)C1=CC=CC=C1)CC(=O)O
3BoylP,tail,tP3BoylP,AJB,O[C@@H](C(=O)C1=CC=CC=C1)CC(=O)O
3OHP,trimer,P3OHP_3,AJC,OC(O)CC(=O)OC(O)CC(=O)OC(O)CC(=O)O
3OHP,head,hP3OHP,AJD,OC(O)CC(=O)O
3OHP,mainchain,mP3OHP,AJE,OC(O)CC(=O)O
3OHP,tail,tP3OHP,AJF,OC(O)CC(=O)O
3CoxyP,trimer,P3CoxyP_3,AJG,O[C@@H](C(=O)O)CC(=O)O[C@@H](C(=O)O)CC(=O)O[C@@H](C(=O)O)CC(=O)O
3CoxyP,head,hP3CoxyP,AJH,O[C@@H](C(=O)O)CC(=O)O
3CoxyP,mainchain,mP3CoxyP,AJI,O[C@@H](C(=O)O)CC(=O)O
3CoxyP,tail,tP3CoxyP,AJJ,O[C@@H](C(=O)O)CC(=O)O
3CnylB,trimer,P3CnylB_3,AJK,O[C@@H](C=O)CC(=O)O[C@@H](C=O)CC(=O)O[C@@H](C=O)CC(=O)O
3CnylB,head,hP3CnylB,AJL,O[C@@H](C=O)CC(=O)O
3CnylB,mainchain,mP3CnylB,AJM,O[C@@H](C=O)CC(=O)O
3CnylB,tail,tP3CnylB,AJN,O[C@@H](C=O)CC(=O)O
3H4MeV,trimer,P3H4MeV_3,AJO,O[C@@H](C(C)C)CC(=O)O[C@@H](C(C)C)CC(=O)O[C@@H](C(C)C)CC(=O)O
3H4MeV,head,hP3H4MeV,AJP,O[C@@H](C(C)C)CC(=O)O
3H4MeV,mainchain,mP3H4MeV,AJQ,O[C@@H](C(C)C)CC(=O)O
3H4MeV,tail,tP3H4MeV,AJR,O[C@@H](C(C)C)CC(=O)O
3H5MeHx,trimer,P3H5MeHx_3,AJS,O[C@H](CC(C)C)CC(=O)O[C@H](CC(C)C)CC(=O)O[C@H](CC(C)C)CC(=O)O
3H5MeHx,head,hP3H5MeHx,AJT,O[C@H](CC(C)C)CC(=O)O
3H5MeHx,mainchain,mP3H5MeHx,AJU,O[C@H](CC(C)C)CC(=O)O
3H5MeHx,tail,tP3H5MeHx,AJV,O[C@H](CC(C)C)CC(=O)O
3H6MeHp,trimer,P3H6MeHp_3,AJW,O[C@H](CCC(C)C)CC(=O)O[C@H](CCC(C)C)CC(=O)O[C@H](CCC(C)C)CC(=O)O
3H6MeHp,head,hP3H6MeHp,AJX,O[C@H](CCC(C)C)CC(=O)O
3H6MeHp,mainchain,mP3H6MeHp,AJY,O[C@H](CCC(C)C)CC(=O)O
3H6MeHp,tail,tP3H6MeHp,AJZ,O[C@H](CCC(C)C)CC(=O)O
3H7MeO,trimer,P3H7MeO_3,AKA,O[C@H](CCCC(C)C)CC(=O)O[C@H](CCCC(C)C)CC(=O)O[C@H](CCCC(C)C)CC(=O)O
3H7MeO,head,hP3H7MeO,AKB,O[C@H](CCCC(C)C)CC(=O)O
3H7MeO,mainchain,mP3H7MeO,AKC,O[C@H](CCCC(C)C)CC(=O)O
3H7MeO,tail,tP3H7MeO,AKD,O[C@H](CCCC(C)C)CC(=O)O
3H8MeN,trimer,P3H8MeN_3,AKE,O[C@H](CCCCC(C)C)CC(=O)O[C@H](CCCCC(C)C)CC(=O)O[C@H](CCCCC(C)C)CC(=O)O
3H8MeN,head,hP3H8MeN,AKF,O[C@H](CCCCC(C)C)CC(=O)O
3H8MeN,mainchain,mP3H8MeN,AKG,O[C@H](CCCCC(C)C)CC(=O)O
3H8MeN,tail,tP3H8MeN,AKH,O[C@H](CCCCC(C)C)CC(=O)O
3H4EtHx,trimer,P3H4EtHx_3,AKI,O[C@@H](C(CC)CC)CC(=O)O[C@@H](C(CC)CC)CC(=O)O[C@@H](C(CC)CC)CC(=O)O
3H4EtHx,head,hP3H4EtHx,AKJ,O[C@@H](C(CC)CC)CC(=O)O
3H4EtHx,mainchain,mP3H4EtHx,AKK,O[C@@H](C(CC)CC)CC(=O)O
3H4EtHx,tail,tP3H4EtHx,AKL,O[C@@H](C(CC)CC)CC(=O)O
3H5EtHp,trimer,P3H5EtHp_3,AKM,O[C@H](CC(CC)CC)CC(=O)O[C@H](CC(CC)CC)CC(=O)O[C@H](CC(CC)CC)CC(=O)O
3H5EtHp,head,hP3H5EtHp,AKN,O[C@H](CC(CC)CC)CC(=O)O
3H5EtHp,mainchain,mP3H5EtHp,AKO,O[C@H](CC(CC)CC)CC(=O)O
3H5EtHp,tail,tP3H5EtHp,AKP,O[C@H](CC(CC)CC)CC(=O)O
3H5pMePhV,trimer,P3H5pMePhV_3,AKQ,O[C@H](CCC1=CC=C(C)C=C1)CC(=O)O[C@H](CCC1=CC=C(C)C=C1)CC(=O)O[C@H](CCC1=CC=C(C)C=C1)CC(=O)O
3H5pMePhV,head,hP3H5pMePhV,AKR,O[C@H](CCC1=CC=C(C)C=C1)CC(=O)O
3H5pMePhV,mainchain,mP3H5pMePhV,AKS,O[C@H](CCC1=CC=C(C)C=C1)CC(=O)O
3H5pMePhV,tail,tP3H5pMePhV,AKT,O[C@H](CCC1=CC=C(C)C=C1)CC(=O)O
3H5mMePhV,trimer,P3H5mMePhV_3,AKU,O[C@H](CCC1=CC(C)=CC=C1)CC(=O)O[C@H](CCC1=CC(C)=CC=C1)CC(=O)O[C@H](CCC1=CC(C)=CC=C1)CC(=O)O
3H5mMePhV,head,hP3H5mMePhV,AKV,O[C@H](CCC1=CC(C)=CC=C1)CC(=O)O
3H5mMePhV,mainchain,mP3H5mMePhV,AKW,O[C@H](CCC1=CC(C)=CC=C1)CC(=O)O
3H5mMePhV,tail,tP3H5mMePhV,AKX,O[C@H](CCC1=CC(C)=CC=C1)CC(=O)O
3H6pMePhHx,trimer,P3H6pMePhHx_3,AKY,O[C@H](CCCC1=CC=C(C)C=C1)CC(=O)O[C@H](CCCC1=CC=C(C)C=C1)CC(=O)O[C@H](CCCC1=CC=C(C)C=C1)CC(=O)O
3H6pMePhHx,head,hP3H6pMePhHx,AKZ,O[C@H](CCCC1=CC=C(C)C=C1)CC(=O)O
3H6pMePhHx,mainchain,mP3H6pMePhHx,ALB,O[C@H](CCCC1=CC=C(C)C=C1)CC(=O)O
3H6pMePhHx,tail,tP3H6pMePhHx,ALC,O[C@H](CCCC1=CC=C(C)C=C1)CC(=O)O
3H6mMePhHx,trimer,P3H6mMePhHx_3,ALD,O[C@H](CCCC1=CC(C)=CC=C1)CC(=O)O[C@H](CCCC1=CC(C)=CC=C1)CC(=O)O[C@H](CCCC1=CC(C)=CC=C1)CC(=O)O
3H6mMePhHx,head,hP3H6mMePhHx,ALE,O[C@H](CCCC1=CC(C)=CC=C1)CC(=O)O
3H6mMePhHx,mainchain,mP3H6mMePhHx,ALF,O[C@H](CCCC1=CC(C)=CC=C1)CC(=O)O
3H6mMePhHx,tail,tP3H6mMePhHx,ALG,O[C@H](CCCC1=CC(C)=CC=C1)CC(=O)O
3H5pBrPhV,trimer,P3H5pBrPhV_3,ALH,O[C@H](CCC1=CC=C(Br)C=C1)CC(=O)O[C@H](CCC1=CC=C(Br)C=C1)CC(=O)O[C@H](CCC1=CC=C(Br)C=C1)CC(=O)O
3H5pBrPhV,head,hP3H5pBrPhV,ALI,O[C@H](CCC1=CC=C(Br)C=C1)CC(=O)O
3H5pBrPhV,mainchain,mP3H5pBrPhV,ALJ,O[C@H](CCC1=CC=C(Br)C=C1)CC(=O)O
3H5pBrPhV,tail,tP3H5pBrPhV,ALK,O[C@H](CCC1=CC=C(Br)C=C1)CC(=O)O
3H5pBrPxV,trimer,P3H5pBrPxV_3,ALL,O[C@H](CCOC1=CC=C(Br)C=C1)CC(=O)O[C@H](CCOC1=CC=C(Br)C=C1)CC(=O)O[C@H](CCOC1=CC=C(Br)C=C1)CC(=O)O
3H5pBrPxV,head,hP3H5pBrPxV,ALM,O[C@H](CCOC1=CC=C(Br)C=C1)CC(=O)O
3H5pBrPxV,mainchain,mP3H5pBrPxV,ALN,O[C@H](CCOC1=CC=C(Br)C=C1)CC(=O)O
3H5pBrPxV,tail,tP3H5pBrPxV,ALO,O[C@H](CCOC1=CC=C(Br)C=C1)CC(=O)O
3H5pCLPxV,trimer,P3H5pCLPxV_3,ALP,O[C@H](CCOC1=CC=C(Cl)C=C1)CC(=O)O[C@H](CCOC1=CC=C(Cl)C=C1)CC(=O)O[C@H](CCOC1=CC=C(Cl)C=C1)CC(=O)O
3H5pCLPxV,head,hP3H5pCLPxV,ALQ,O[C@H](CCOC1=CC=C(Cl)C=C1)CC(=O)O
3H5pCLPxV,mainchain,mP3H5pCLPxV,ALR,O[C@H](CCOC1=CC=C(Cl)C=C1)CC(=O)O
3H5pCLPxV,tail,tP3H5pCLPxV,ALS,O[C@H](CCOC1=CC=C(Cl)C=C1)CC(=O)O
3H6pCLPxHx,trimer,P3H6pCLPxHx_3,ALT,O[C@H](CCCOC1=CC=C(Cl)C=C1)CC(=O)O[C@H](CCCOC1=CC=C(Cl)C=C1)CC(=O)O[C@H](CCCOC1=CC=C(Cl)C=C1)CC(=O)O
3H6pCLPxHx,head,hP3H6pCLPxHx,ALU,O[C@H](CCCOC1=CC=C(Cl)C=C1)CC(=O)O
3H6pCLPxHx,mainchain,mP3H6pCLPxHx,ALV,O[C@H](CCCOC1=CC=C(Cl)C=C1)CC(=O)O
3H6pCLPxHx,tail,tP3H6pCLPxHx,ALW,O[C@H](CCCOC1=CC=C(Cl)C=C1)CC(=O)O
3H5pCLPhV,trimer,P3H5pCLPhV_3,ALX,O[C@H](CCC1=CC=C(Cl)C=C1)CC(=O)O[C@H](CCC1=CC=C(Cl)C=C1)CC(=O)O[C@H](CCC1=CC=C(Cl)C=C1)CC(=O)O
3H5pCLPhV,head,hP3H5pCLPhV,ALY,O[C@H](CCC1=CC=C(Cl)C=C1)CC(=O)O
3H5pCLPhV,mainchain,mP3H5pCLPhV,ALZ,O[C@H](CCC1=CC=C(Cl)C=C1)CC(=O)O
3H5pCLPhV,tail,tP3H5pCLPhV,AMA,O[C@H](CCC1=CC=C(Cl)C=C1)CC(=O)O
5HV,trimer,P5HV_3,AMB,OCCCCC(=O)OCCCCC(=O)OCCCCC(=O)O
5HV,head,hP5HV,AMC,OCCCCC(=O)O
5HV,mainchain,mP5HV,AMD,OCCCCC(=O)O
5HV,tail,tP5HV,AME,OCCCCC(=O)O
6HHx,trimer,P6HHx_3,AMF,OCCCCCC(=O)OCCCCCC(=O)OCCCCCC(=O)O
6HHx,head,hP6HHx,AMG,OCCCCCC(=O)O
6HHx,mainchain,mP6HHx,AMH,OCCCCCC(=O)O
6HHx,tail,tP6HHx,AMI,OCCCCCC(=O)O
7HHp,trimer,P7HHp_3,AMJ,OCCCCCCC(=O)OCCCCCCC(=O)OCCCCCCC(=O)O
7HHp,head,hP7HHp,AMK,OCCCCCCC(=O)O
7HHp,mainchain,mP7HHp,AML,OCCCCCCC(=O)O
7HHp,tail,tP7HHp,AMM,OCCCCCCC(=O)O
